Year,Month,Company,Model,Production_Volume,Efficiency
2020,1,삼성전자,DRAM,66,73.64947607650828
2020,1,삼성전자,NAND,75,78.02457114989137
2020,1,삼성전자,SSD,173,70.45305874320272
2020,1,삼성전자,CPU,170,78.22149568450195
2020,1,SK하이닉스,DRAM,127,74.21764006570386
2020,1,SK하이닉스,NAND,127,79.14438456809093
2020,1,SK하이닉스,SSD,180,80.18164064553888
2020,1,SK하이닉스,CPU,116,81.2650718511663
2020,1,TSMC,DRAM,196,71.18685327672847
2020,1,TSMC,NAND,144,80.95232592056344
2020,1,TSMC,SSD,77,72.17100794247759
2020,1,TSMC,CPU,56,77.32214749349515
2020,1,Intel,DRAM,131,70.33997639258415
2020,1,Intel,NAND,183,80.05310698343517
2020,1,Intel,SSD,110,83.72514407421988
2020,1,Intel,CPU,56,70.8764818927122
2020,1,Micron,DRAM,113,79.33939200971744
2020,1,Micron,NAND,155,78.70264113849505
2020,1,Micron,SSD,182,72.58297849967286
2020,1,Micron,CPU,110,79.44571255415684
2020,2,삼성전자,DRAM,178,78.99459974393793
2020,2,삼성전자,NAND,69,82.7646509395308
2020,2,삼성전자,SSD,173,70.75540324329943
2020,2,삼성전자,CPU,182,82.00981699950492
2020,2,SK하이닉스,DRAM,179,82.42937293040227
2020,2,SK하이닉스,NAND,122,84.61037350729359
2020,2,SK하이닉스,SSD,174,74.59259624541302
2020,2,SK하이닉스,CPU,183,79.50685002752384
2020,2,TSMC,DRAM,183,84.30318577464666
2020,2,TSMC,NAND,198,84.60682435382618
2020,2,TSMC,SSD,125,78.11102448652775
2020,2,TSMC,CPU,178,75.27896873088429
2020,2,Intel,DRAM,150,74.00908746641946
2020,2,Intel,NAND,168,84.11122309180892
2020,2,Intel,SSD,74,70.01831965145743
2020,2,Intel,CPU,81,79.89242759154496
2020,2,Micron,DRAM,81,72.1225384484808
2020,2,Micron,NAND,101,73.55427577990771
2020,2,Micron,SSD,185,77.75231606417154
2020,2,Micron,CPU,190,78.38178700080923
2020,3,삼성전자,DRAM,71,74.29008649457795
2020,3,삼성전자,NAND,67,82.23690834078538
2020,3,삼성전자,SSD,132,83.04712786016704
2020,3,삼성전자,CPU,119,72.05051186674194
2020,3,SK하이닉스,DRAM,59,70.52840727617918
2020,3,SK하이닉스,NAND,171,76.92981921012479
2020,3,SK하이닉스,SSD,98,76.26220409507727
2020,3,SK하이닉스,CPU,166,79.68342818046435
2020,3,TSMC,DRAM,162,74.06909988509828
2020,3,TSMC,NAND,111,81.6274564713162
2020,3,TSMC,SSD,127,78.12032760623204
2020,3,TSMC,CPU,197,79.8042211251154
2020,3,Intel,DRAM,52,76.8170324178152
2020,3,Intel,NAND,77,75.37317282424551
2020,3,Intel,SSD,115,84.26545505483325
2020,3,Intel,CPU,110,75.80103711915957
2020,3,Micron,DRAM,184,74.85846204786
2020,3,Micron,NAND,51,75.84512849212567
2020,3,Micron,SSD,71,70.4375355323864
2020,3,Micron,CPU,146,70.4044784065434
2020,4,삼성전자,DRAM,158,70.12550825206957
2020,4,삼성전자,NAND,180,81.20677963996097
2020,4,삼성전자,SSD,193,80.33123591733296
2020,4,삼성전자,CPU,168,78.70503451634403
2020,4,SK하이닉스,DRAM,58,71.55189548417276
2020,4,SK하이닉스,NAND,133,71.76079050761108
2020,4,SK하이닉스,SSD,130,81.39241630081312
2020,4,SK하이닉스,CPU,60,79.05652286150143
2020,4,TSMC,DRAM,156,81.95133545808463
2020,4,TSMC,NAND,162,77.94986407296828
2020,4,TSMC,SSD,185,74.65426720294543
2020,4,TSMC,CPU,87,71.44681018530383
2020,4,Intel,DRAM,99,82.56837698138123
2020,4,Intel,NAND,181,77.03836176431466
2020,4,Intel,SSD,177,80.92284380587728
2020,4,Intel,CPU,62,76.46808168803891
2020,4,Micron,DRAM,53,72.20669035321473
2020,4,Micron,NAND,112,70.63142832374687
2020,4,Micron,SSD,159,74.36290248548386
2020,4,Micron,CPU,57,78.91248677139846
2020,5,삼성전자,DRAM,198,74.35787020350786
2020,5,삼성전자,NAND,187,77.54361202295834
2020,5,삼성전자,SSD,182,72.6226705288362
2020,5,삼성전자,CPU,62,78.59184875105942
2020,5,SK하이닉스,DRAM,62,80.60413122539143
2020,5,SK하이닉스,NAND,185,73.57036046406856
2020,5,SK하이닉스,SSD,54,76.65022539352574
2020,5,SK하이닉스,CPU,177,80.10351430875515
2020,5,TSMC,DRAM,151,81.84286160415894
2020,5,TSMC,NAND,53,84.62483773808867
2020,5,TSMC,SSD,75,72.12567892086022
2020,5,TSMC,CPU,121,82.73833173127376
2020,5,Intel,DRAM,59,75.80719095474156
2020,5,Intel,NAND,144,73.9717875831105
2020,5,Intel,SSD,158,70.66207307785838
2020,5,Intel,CPU,127,78.22864085359681
2020,5,Micron,DRAM,150,74.4571620484353
2020,5,Micron,NAND,139,73.34708019510963
2020,5,Micron,SSD,71,71.99060653739551
2020,5,Micron,CPU,120,76.12776197501856
2020,6,삼성전자,DRAM,168,72.50021900974636
2020,6,삼성전자,NAND,75,73.82424778412394
2020,6,삼성전자,SSD,106,77.11318096745228
2020,6,삼성전자,CPU,124,84.58996290088788
2020,6,SK하이닉스,DRAM,52,72.28361492454036
2020,6,SK하이닉스,NAND,181,72.36104757458591
2020,6,SK하이닉스,SSD,128,75.71115190843764
2020,6,SK하이닉스,CPU,100,77.40536536054125
2020,6,TSMC,DRAM,131,78.04379900923158
2020,6,TSMC,NAND,109,71.57621633649623
2020,6,TSMC,SSD,80,82.974311636276
2020,6,TSMC,CPU,170,77.59844437311676
2020,6,Intel,DRAM,169,82.61523204105583
2020,6,Intel,NAND,168,82.31360758002661
2020,6,Intel,SSD,162,80.32065115294719
2020,6,Intel,CPU,55,75.71789417322032
2020,6,Micron,DRAM,107,79.49271441498185
2020,6,Micron,NAND,111,81.55757050372131
2020,6,Micron,SSD,107,73.45436999959605
2020,6,Micron,CPU,62,75.94307553698907
2020,7,삼성전자,DRAM,172,79.38211261564857
2020,7,삼성전자,NAND,56,72.82007893596305
2020,7,삼성전자,SSD,199,84.97787158721188
2020,7,삼성전자,CPU,142,76.8468623169598
2020,7,SK하이닉스,DRAM,173,73.24917826915609
2020,7,SK하이닉스,NAND,86,84.12221883039967
2020,7,SK하이닉스,SSD,73,77.2347148253352
2020,7,SK하이닉스,CPU,85,80.25400910823024
2020,7,TSMC,DRAM,109,74.41850767418124
2020,7,TSMC,NAND,196,76.69570937370679
2020,7,TSMC,SSD,62,81.0001709440168
2020,7,TSMC,CPU,197,74.85712358461817
2020,7,Intel,DRAM,92,75.76016549329105
2020,7,Intel,NAND,180,83.62689305207424
2020,7,Intel,SSD,123,84.68995940493362
2020,7,Intel,CPU,62,84.62500592283007
2020,7,Micron,DRAM,89,80.0013631405482
2020,7,Micron,NAND,143,80.57951976852243
2020,7,Micron,SSD,158,75.73648743583897
2020,7,Micron,CPU,73,84.44606950303793
2020,8,삼성전자,DRAM,128,71.48325911602727
2020,8,삼성전자,NAND,57,73.19413823175698
2020,8,삼성전자,SSD,127,76.56188059559466
2020,8,삼성전자,CPU,108,72.96810361935769
2020,8,SK하이닉스,DRAM,90,84.06615032189805
2020,8,SK하이닉스,NAND,185,75.11660423267604
2020,8,SK하이닉스,SSD,64,70.63644619724501
2020,8,SK하이닉스,CPU,126,71.13400668528818
2020,8,TSMC,DRAM,168,75.20612127105436
2020,8,TSMC,NAND,157,73.73852858851009
2020,8,TSMC,SSD,86,81.36170182697937
2020,8,TSMC,CPU,190,72.05482583465097
2020,8,Intel,DRAM,109,82.11734067947869
2020,8,Intel,NAND,109,72.87463855068039
2020,8,Intel,SSD,70,77.715655969906
2020,8,Intel,CPU,52,80.85057350886744
2020,8,Micron,DRAM,150,75.72079208613597
2020,8,Micron,NAND,116,71.2930058254021
2020,8,Micron,SSD,155,74.98379739424777
2020,8,Micron,CPU,124,76.02289654697172
2020,9,삼성전자,DRAM,179,70.25870352969748
2020,9,삼성전자,NAND,68,76.6682292322664
2020,9,삼성전자,SSD,183,72.01744660149691
2020,9,삼성전자,CPU,81,72.82311946496554
2020,9,SK하이닉스,DRAM,105,75.76462489512846
2020,9,SK하이닉스,NAND,63,77.3009892386068
2020,9,SK하이닉스,SSD,67,77.93750169527534
2020,9,SK하이닉스,CPU,99,77.0709309770575
2020,9,TSMC,DRAM,172,70.1112308923009
2020,9,TSMC,NAND,194,72.01809193011054
2020,9,TSMC,SSD,147,71.84632850213562
2020,9,TSMC,CPU,172,74.43576289970133
2020,9,Intel,DRAM,131,70.31270948100472
2020,9,Intel,NAND,106,71.23668177888776
2020,9,Intel,SSD,68,79.43464569776904
2020,9,Intel,CPU,126,84.76883668163622
2020,9,Micron,DRAM,140,70.70000931999088
2020,9,Micron,NAND,89,83.22282784874938
2020,9,Micron,SSD,50,81.19291800254497
2020,9,Micron,CPU,165,77.63926336408831
2020,10,삼성전자,DRAM,88,77.09621535832335
2020,10,삼성전자,NAND,103,81.8829845028749
2020,10,삼성전자,SSD,151,79.75400824951741
2020,10,삼성전자,CPU,125,82.35650860109897
2020,10,SK하이닉스,DRAM,125,70.40240441788235
2020,10,SK하이닉스,NAND,53,71.48966347360088
2020,10,SK하이닉스,SSD,102,70.59060840071713
2020,10,SK하이닉스,CPU,161,75.57125550401277
2020,10,TSMC,DRAM,113,75.08273305918247
2020,10,TSMC,NAND,85,74.45242559342444
2020,10,TSMC,SSD,53,75.65675141578859
2020,10,TSMC,CPU,142,82.6650929248601
2020,10,Intel,DRAM,98,82.05156845499614
2020,10,Intel,NAND,187,70.89845578217594
2020,10,Intel,SSD,64,71.33882986527682
2020,10,Intel,CPU,147,73.63526258215822
2020,10,Micron,DRAM,170,71.18316938077658
2020,10,Micron,NAND,118,76.58495186998273
2020,10,Micron,SSD,161,80.84679613277183
2020,10,Micron,CPU,158,83.2181907438376
2020,11,삼성전자,DRAM,105,78.96290914044538
2020,11,삼성전자,NAND,137,71.4557903962988
2020,11,삼성전자,SSD,103,74.43873879549204
2020,11,삼성전자,CPU,82,70.09903797375486
2020,11,SK하이닉스,DRAM,147,72.34667615880298
2020,11,SK하이닉스,NAND,87,70.23272245188282
2020,11,SK하이닉스,SSD,74,77.60127375457854
2020,11,SK하이닉스,CPU,61,72.65823588572235
2020,11,TSMC,DRAM,82,82.76941288885702
2020,11,TSMC,NAND,113,81.87623705192034
2020,11,TSMC,SSD,91,73.10357165331746
2020,11,TSMC,CPU,194,74.42938567441514
2020,11,Intel,DRAM,97,80.25717118946064
2020,11,Intel,NAND,67,78.64384335380187
2020,11,Intel,SSD,162,79.98122915292878
2020,11,Intel,CPU,199,84.65754964960082
2020,11,Micron,DRAM,193,84.05289891759178
2020,11,Micron,NAND,58,84.35757489054235
2020,11,Micron,SSD,87,74.07891951245777
2020,11,Micron,CPU,170,80.02551515961625
2020,12,삼성전자,DRAM,194,73.14576132524728
2020,12,삼성전자,NAND,127,72.50286711724539
2020,12,삼성전자,SSD,105,73.02225719992202
2020,12,삼성전자,CPU,51,78.56973944732911
2020,12,SK하이닉스,DRAM,195,79.271914679952
2020,12,SK하이닉스,NAND,94,84.35673214435856
2020,12,SK하이닉스,SSD,122,82.23551100710225
2020,12,SK하이닉스,CPU,79,75.40457017092699
2020,12,TSMC,DRAM,65,71.92692021135373
2020,12,TSMC,NAND,62,80.26573126657418
2020,12,TSMC,SSD,178,82.0040691366418
2020,12,TSMC,CPU,120,82.19836726645318
2020,12,Intel,DRAM,146,70.28344174368522
2020,12,Intel,NAND,139,82.69772674926966
2020,12,Intel,SSD,133,74.02908036545911
2020,12,Intel,CPU,143,75.45667387977284
2020,12,Micron,DRAM,186,83.68788447617733
2020,12,Micron,NAND,117,70.35737565329482
2020,12,Micron,SSD,138,77.75688153504503
2020,12,Micron,CPU,190,79.17292782727122
2021,1,삼성전자,DRAM,99,77.43017774205384
2021,1,삼성전자,NAND,58,72.40609872485749
2021,1,삼성전자,SSD,102,79.11075660656682
2021,1,삼성전자,CPU,110,77.47699275619237
2021,1,SK하이닉스,DRAM,100,75.76650589850928
2021,1,SK하이닉스,NAND,156,70.27709884853608
2021,1,SK하이닉스,SSD,173,77.38052827153334
2021,1,SK하이닉스,CPU,121,81.57579492016936
2021,1,TSMC,DRAM,141,73.11843931187282
2021,1,TSMC,NAND,181,77.12489991252332
2021,1,TSMC,SSD,167,76.96849849167377
2021,1,TSMC,CPU,83,70.51209507388307
2021,1,Intel,DRAM,186,80.71623311395963
2021,1,Intel,NAND,135,83.14059771579566
2021,1,Intel,SSD,172,70.03278371961306
2021,1,Intel,CPU,173,82.80525175228601
2021,1,Micron,DRAM,56,82.16417558133986
2021,1,Micron,NAND,97,71.6619518455636
2021,1,Micron,SSD,152,78.80850557367573
2021,1,Micron,CPU,74,79.45446348832046
2021,2,삼성전자,DRAM,183,76.35941199497344
2021,2,삼성전자,NAND,68,72.23005196522325
2021,2,삼성전자,SSD,177,75.18224845087018
2021,2,삼성전자,CPU,176,76.60835541588023
2021,2,SK하이닉스,DRAM,126,70.31577496755811
2021,2,SK하이닉스,NAND,194,80.62804977881606
2021,2,SK하이닉스,SSD,61,81.51747032624556
2021,2,SK하이닉스,CPU,156,83.35772777797483
2021,2,TSMC,DRAM,131,77.68288494735341
2021,2,TSMC,NAND,183,81.23078353826459
2021,2,TSMC,SSD,82,78.663605099987
2021,2,TSMC,CPU,84,76.38777921223318
2021,2,Intel,DRAM,103,77.50265803032667
2021,2,Intel,NAND,106,76.81949766307804
2021,2,Intel,SSD,189,77.3412088944334
2021,2,Intel,CPU,56,74.05778637206737
2021,2,Micron,DRAM,89,71.86221827159979
2021,2,Micron,NAND,113,84.06933881325676
2021,2,Micron,SSD,79,80.807637241391
2021,2,Micron,CPU,103,72.55886091117026
2021,3,삼성전자,DRAM,197,71.36649917518952
2021,3,삼성전자,NAND,165,74.18317332403458
2021,3,삼성전자,SSD,105,78.66592492357688
2021,3,삼성전자,CPU,124,75.06104882269685
2021,3,SK하이닉스,DRAM,98,71.97284424351822
2021,3,SK하이닉스,NAND,134,71.73064198273251
2021,3,SK하이닉스,SSD,54,82.71512939139109
2021,3,SK하이닉스,CPU,171,72.79600501366797
2021,3,TSMC,DRAM,139,81.82403010611361
2021,3,TSMC,NAND,166,83.4062115040659
2021,3,TSMC,SSD,168,82.95107192571967
2021,3,TSMC,CPU,78,70.58268044919448
2021,3,Intel,DRAM,113,74.2636141067454
2021,3,Intel,NAND,118,82.02082602572584
2021,3,Intel,SSD,136,72.25623289041097
2021,3,Intel,CPU,164,81.23594160903579
2021,3,Micron,DRAM,110,74.74761369280019
2021,3,Micron,NAND,181,80.92836415369744
2021,3,Micron,SSD,162,84.04759642571418
2021,3,Micron,CPU,51,76.2713833886524
2021,4,삼성전자,DRAM,56,83.94374654145334
2021,4,삼성전자,NAND,78,73.68335636004807
2021,4,삼성전자,SSD,125,79.28564450590994
2021,4,삼성전자,CPU,192,78.7103353290509
2021,4,SK하이닉스,DRAM,185,71.95090472131525
2021,4,SK하이닉스,NAND,56,73.58163411527194
2021,4,SK하이닉스,SSD,137,72.90756961342562
2021,4,SK하이닉스,CPU,103,80.96229421886355
2021,4,TSMC,DRAM,64,78.72200360971807
2021,4,TSMC,NAND,64,79.80830041332243
2021,4,TSMC,SSD,198,84.166390576774
2021,4,TSMC,CPU,122,80.8838152820672
2021,4,Intel,DRAM,193,84.39699261486074
2021,4,Intel,NAND,90,83.2615428970511
2021,4,Intel,SSD,135,81.9926677573252
2021,4,Intel,CPU,62,74.80157033206167
2021,4,Micron,DRAM,188,83.7853349280005
2021,4,Micron,NAND,52,82.1332203764328
2021,4,Micron,SSD,137,73.72131239944517
2021,4,Micron,CPU,132,72.44042567675297
2021,5,삼성전자,DRAM,113,71.40825746270349
2021,5,삼성전자,NAND,104,79.21152973021087
2021,5,삼성전자,SSD,80,75.19856604936749
2021,5,삼성전자,CPU,68,79.75211831510451
2021,5,SK하이닉스,DRAM,74,76.84620078437646
2021,5,SK하이닉스,NAND,167,74.73665823607516
2021,5,SK하이닉스,SSD,126,84.89407555414675
2021,5,SK하이닉스,CPU,80,73.18592826779236
2021,5,TSMC,DRAM,132,72.12671356924352
2021,5,TSMC,NAND,193,84.75434557605485
2021,5,TSMC,SSD,184,78.76507087208822
2021,5,TSMC,CPU,122,76.26477712020072
2021,5,Intel,DRAM,133,76.7470197461504
2021,5,Intel,NAND,98,80.73305643602548
2021,5,Intel,SSD,106,73.47506784177247
2021,5,Intel,CPU,172,75.06606621272087
2021,5,Micron,DRAM,120,72.93648710950897
2021,5,Micron,NAND,99,80.0236532198009
2021,5,Micron,SSD,88,72.56651169989703
2021,5,Micron,CPU,162,70.91144684350702
2021,6,삼성전자,DRAM,172,74.79163895032906
2021,6,삼성전자,NAND,171,71.76409316342162
2021,6,삼성전자,SSD,178,75.88742306269828
2021,6,삼성전자,CPU,108,70.6450819519178
2021,6,SK하이닉스,DRAM,133,70.53818239027676
2021,6,SK하이닉스,NAND,53,73.13488478964096
2021,6,SK하이닉스,SSD,118,78.79910743205383
2021,6,SK하이닉스,CPU,191,76.75073676381884
2021,6,TSMC,DRAM,72,73.27563569471309
2021,6,TSMC,NAND,198,82.04238721972115
2021,6,TSMC,SSD,141,79.69378004372058
2021,6,TSMC,CPU,170,81.83770016674862
2021,6,Intel,DRAM,138,83.76335438380138
2021,6,Intel,NAND,164,77.83523287968798
2021,6,Intel,SSD,180,77.28458473177227
2021,6,Intel,CPU,112,72.24500195295111
2021,6,Micron,DRAM,56,80.0912488266114
2021,6,Micron,NAND,105,72.20661536154687
2021,6,Micron,SSD,76,78.65184115765652
2021,6,Micron,CPU,134,73.71756111690753
2021,7,삼성전자,DRAM,140,73.06457903755181
2021,7,삼성전자,NAND,146,71.41891681361102
2021,7,삼성전자,SSD,65,75.42888575910834
2021,7,삼성전자,CPU,102,72.66041712809168
2021,7,SK하이닉스,DRAM,149,73.7645921357352
2021,7,SK하이닉스,NAND,174,75.78624349426951
2021,7,SK하이닉스,SSD,55,84.63040667784631
2021,7,SK하이닉스,CPU,60,76.57901584269021
2021,7,TSMC,DRAM,151,84.52851342133553
2021,7,TSMC,NAND,72,71.651287634165
2021,7,TSMC,SSD,196,80.7072569537532
2021,7,TSMC,CPU,175,72.081503472004
2021,7,Intel,DRAM,186,70.86044846066578
2021,7,Intel,NAND,154,78.01112931732574
2021,7,Intel,SSD,142,77.10971579894378
2021,7,Intel,CPU,133,73.2331265778321
2021,7,Micron,DRAM,124,78.12710851829775
2021,7,Micron,NAND,163,74.44823997532541
2021,7,Micron,SSD,93,71.51014154195654
2021,7,Micron,CPU,111,83.02283347888915
2021,8,삼성전자,DRAM,199,82.35220147822338
2021,8,삼성전자,NAND,133,70.12488173417589
2021,8,삼성전자,SSD,132,73.94733010239982
2021,8,삼성전자,CPU,117,82.63969866226297
2021,8,SK하이닉스,DRAM,73,82.71452117506236
2021,8,SK하이닉스,NAND,133,71.80915052811136
2021,8,SK하이닉스,SSD,139,80.76097512496264
2021,8,SK하이닉스,CPU,138,80.25588216763643
2021,8,TSMC,DRAM,124,75.66359686325
2021,8,TSMC,NAND,115,74.5666800496343
2021,8,TSMC,SSD,51,72.17771322260343
2021,8,TSMC,CPU,79,72.83628704845022
2021,8,Intel,DRAM,130,71.76015006135141
2021,8,Intel,NAND,108,72.10644983374665
2021,8,Intel,SSD,59,72.68578681042403
2021,8,Intel,CPU,52,75.69368816419257
2021,8,Micron,DRAM,62,80.38895240009433
2021,8,Micron,NAND,166,82.59378031927714
2021,8,Micron,SSD,179,82.17533558493074
2021,8,Micron,CPU,136,74.04315435866181
2021,9,삼성전자,DRAM,84,77.43260009687393
2021,9,삼성전자,NAND,189,81.51494848382349
2021,9,삼성전자,SSD,102,72.62525413311033
2021,9,삼성전자,CPU,102,80.99838757786829
2021,9,SK하이닉스,DRAM,105,73.67773956386591
2021,9,SK하이닉스,NAND,72,72.7792086456192
2021,9,SK하이닉스,SSD,87,78.7662765955858
2021,9,SK하이닉스,CPU,163,73.32229788174001
2021,9,TSMC,DRAM,176,76.99896479921205
2021,9,TSMC,NAND,180,76.15314801481676
2021,9,TSMC,SSD,141,71.78185478051743
2021,9,TSMC,CPU,178,73.58112760266026
2021,9,Intel,DRAM,189,83.66555764933854
2021,9,Intel,NAND,199,73.88435604307264
2021,9,Intel,SSD,116,82.22706472830556
2021,9,Intel,CPU,106,72.93326663931981
2021,9,Micron,DRAM,118,81.95028524085191
2021,9,Micron,NAND,168,73.62182781156072
2021,9,Micron,SSD,198,80.05483145632176
2021,9,Micron,CPU,58,74.35451812627305
2021,10,삼성전자,DRAM,105,74.7510345378444
2021,10,삼성전자,NAND,160,76.33274390038144
2021,10,삼성전자,SSD,100,83.17204729474159
2021,10,삼성전자,CPU,117,77.28958057497648
2021,10,SK하이닉스,DRAM,90,81.97988762038942
2021,10,SK하이닉스,NAND,110,77.8712913885103
2021,10,SK하이닉스,SSD,53,84.91533320019917
2021,10,SK하이닉스,CPU,139,81.71684818158663
2021,10,TSMC,DRAM,121,76.0324267443455
2021,10,TSMC,NAND,163,80.48862960160565
2021,10,TSMC,SSD,120,70.04129330622678
2021,10,TSMC,CPU,134,82.394108760724
2021,10,Intel,DRAM,125,84.93028310004762
2021,10,Intel,NAND,95,81.81165588411403
2021,10,Intel,SSD,133,76.20448672131967
2021,10,Intel,CPU,132,76.172264707927
2021,10,Micron,DRAM,55,70.93775058866383
2021,10,Micron,NAND,93,83.94257111128522
2021,10,Micron,SSD,50,84.21735773884939
2021,10,Micron,CPU,98,71.06622670631495
2021,11,삼성전자,DRAM,63,81.8803435451572
2021,11,삼성전자,NAND,62,81.39246082815477
2021,11,삼성전자,SSD,197,78.60206057424813
2021,11,삼성전자,CPU,57,82.5359939192825
2021,11,SK하이닉스,DRAM,146,78.44205850762738
2021,11,SK하이닉스,NAND,134,72.56280502017087
2021,11,SK하이닉스,SSD,102,72.82866983620771
2021,11,SK하이닉스,CPU,153,74.79546364788541
2021,11,TSMC,DRAM,136,73.32685158244246
2021,11,TSMC,NAND,129,72.97529439125513
2021,11,TSMC,SSD,50,81.51654119503159
2021,11,TSMC,CPU,199,73.63211888500412
2021,11,Intel,DRAM,149,74.35951797621948
2021,11,Intel,NAND,165,78.9265026692374
2021,11,Intel,SSD,120,82.38016869171693
2021,11,Intel,CPU,126,80.77751599808485
2021,11,Micron,DRAM,178,74.44688259270347
2021,11,Micron,NAND,55,71.28207617149222
2021,11,Micron,SSD,64,76.26493977050579
2021,11,Micron,CPU,149,79.19939421193811
2021,12,삼성전자,DRAM,150,72.06655072242566
2021,12,삼성전자,NAND,177,84.04543689004876
2021,12,삼성전자,SSD,140,80.40016574383797
2021,12,삼성전자,CPU,179,76.30014524844339
2021,12,SK하이닉스,DRAM,167,83.12470042964094
2021,12,SK하이닉스,NAND,174,83.54240536527573
2021,12,SK하이닉스,SSD,141,76.84608250383673
2021,12,SK하이닉스,CPU,194,79.64697897994327
2021,12,TSMC,DRAM,104,72.76004068666029
2021,12,TSMC,NAND,153,72.82639917673298
2021,12,TSMC,SSD,137,76.65983289823969
2021,12,TSMC,CPU,159,73.82033957077844
2021,12,Intel,DRAM,89,79.02989379324725
2021,12,Intel,NAND,115,82.41191516839783
2021,12,Intel,SSD,84,84.52765731844258
2021,12,Intel,CPU,58,83.63837512849179
2021,12,Micron,DRAM,51,84.39000694094038
2021,12,Micron,NAND,159,78.88345529816102
2021,12,Micron,SSD,72,83.0555235718929
2021,12,Micron,CPU,150,76.43913781238128
2022,1,삼성전자,DRAM,98,70.1846124247535
2022,1,삼성전자,NAND,108,73.92529242264597
2022,1,삼성전자,SSD,70,70.19129047762172
2022,1,삼성전자,CPU,183,76.49334499685148
2022,1,SK하이닉스,DRAM,59,82.08099971594353
2022,1,SK하이닉스,NAND,199,74.95011826982616
2022,1,SK하이닉스,SSD,53,80.55045015006863
2022,1,SK하이닉스,CPU,126,83.47790832425291
2022,1,TSMC,DRAM,123,71.59463437553973
2022,1,TSMC,NAND,99,78.02635249037085
2022,1,TSMC,SSD,197,84.3049448172467
2022,1,TSMC,CPU,181,78.770631399612
2022,1,Intel,DRAM,142,72.67102695376967
2022,1,Intel,NAND,160,83.77555092684187
2022,1,Intel,SSD,69,73.56070070976206
2022,1,Intel,CPU,58,75.3764132853861
2022,1,Micron,DRAM,160,78.94579314256488
2022,1,Micron,NAND,141,77.34218716058201
2022,1,Micron,SSD,94,71.64907063544311
2022,1,Micron,CPU,96,81.24938366465935
2022,2,삼성전자,DRAM,172,71.63315588324078
2022,2,삼성전자,NAND,127,70.07482861615483
2022,2,삼성전자,SSD,55,81.90910786128053
2022,2,삼성전자,CPU,89,74.34566610327839
2022,2,SK하이닉스,DRAM,70,73.41135015776085
2022,2,SK하이닉스,NAND,177,84.25453453143733
2022,2,SK하이닉스,SSD,109,72.74585095574166
2022,2,SK하이닉스,CPU,85,78.2909165453218
2022,2,TSMC,DRAM,93,78.26190564948261
2022,2,TSMC,NAND,73,79.21073149343822
2022,2,TSMC,SSD,91,74.06036178129878
2022,2,TSMC,CPU,183,78.1755606126754
2022,2,Intel,DRAM,67,81.74583486019108
2022,2,Intel,NAND,103,76.49697667648742
2022,2,Intel,SSD,119,77.21137809892298
2022,2,Intel,CPU,185,70.72020644170591
2022,2,Micron,DRAM,140,74.47161306814417
2022,2,Micron,NAND,165,76.45476226925948
2022,2,Micron,SSD,125,84.37785667276552
2022,2,Micron,CPU,173,78.98563183758009
2022,3,삼성전자,DRAM,130,72.37135521786908
2022,3,삼성전자,NAND,137,74.60478408921325
2022,3,삼성전자,SSD,68,78.34397217360704
2022,3,삼성전자,CPU,52,77.6288278974258
2022,3,SK하이닉스,DRAM,193,74.48181021752424
2022,3,SK하이닉스,NAND,197,73.23530856322785
2022,3,SK하이닉스,SSD,148,74.81354535594879
2022,3,SK하이닉스,CPU,129,76.48066156780108
2022,3,TSMC,DRAM,139,75.27351665658341
2022,3,TSMC,NAND,54,72.92598358106548
2022,3,TSMC,SSD,66,79.84490370269404
2022,3,TSMC,CPU,152,71.51334013703936
2022,3,Intel,DRAM,164,77.86781881224536
2022,3,Intel,NAND,114,82.989031201841
2022,3,Intel,SSD,138,78.85804794258407
2022,3,Intel,CPU,154,76.443653510794
2022,3,Micron,DRAM,107,79.06392707162928
2022,3,Micron,NAND,75,71.4586660106472
2022,3,Micron,SSD,104,84.82127455685989
2022,3,Micron,CPU,126,84.32629754863825
2022,4,삼성전자,DRAM,158,81.04128438090926
2022,4,삼성전자,NAND,53,84.41644954821794
2022,4,삼성전자,SSD,133,79.82211841722723
2022,4,삼성전자,CPU,171,80.0634890593567
2022,4,SK하이닉스,DRAM,80,82.97355366449924
2022,4,SK하이닉스,NAND,178,75.9061517780387
2022,4,SK하이닉스,SSD,102,73.02814539432038
2022,4,SK하이닉스,CPU,144,76.6208276001624
2022,4,TSMC,DRAM,158,73.88996294825475
2022,4,TSMC,NAND,137,83.35770617091093
2022,4,TSMC,SSD,179,84.20229857162325
2022,4,TSMC,CPU,55,74.13434692292044
2022,4,Intel,DRAM,170,76.30374733060353
2022,4,Intel,NAND,107,77.49711149858736
2022,4,Intel,SSD,119,79.54156312718587
2022,4,Intel,CPU,87,73.32525303167895
2022,4,Micron,DRAM,113,71.51272243481749
2022,4,Micron,NAND,90,74.42348950922143
2022,4,Micron,SSD,117,76.5060648845578
2022,4,Micron,CPU,57,75.05105553609104
2022,5,삼성전자,DRAM,59,78.73279642089916
2022,5,삼성전자,NAND,181,73.65202538788529
2022,5,삼성전자,SSD,92,82.20798876849615
2022,5,삼성전자,CPU,118,75.61928453599648
2022,5,SK하이닉스,DRAM,161,73.31281282599628
2022,5,SK하이닉스,NAND,74,75.0968315637311
2022,5,SK하이닉스,SSD,104,72.07411996120915
2022,5,SK하이닉스,CPU,146,78.3571741095583
2022,5,TSMC,DRAM,75,71.50953571409035
2022,5,TSMC,NAND,113,75.29566366340178
2022,5,TSMC,SSD,86,71.63820188833095
2022,5,TSMC,CPU,130,80.0548451326798
2022,5,Intel,DRAM,145,77.16287885202593
2022,5,Intel,NAND,103,83.4130403940184
2022,5,Intel,SSD,122,79.50011863059188
2022,5,Intel,CPU,59,70.39660173080266
2022,5,Micron,DRAM,140,80.81286568834585
2022,5,Micron,NAND,93,72.92664820164458
2022,5,Micron,SSD,128,72.78408053349918
2022,5,Micron,CPU,197,77.09837452539094
2022,6,삼성전자,DRAM,150,75.77771617701609
2022,6,삼성전자,NAND,62,81.27361080886077
2022,6,삼성전자,SSD,111,76.31749622548914
2022,6,삼성전자,CPU,134,78.51131165987364
2022,6,SK하이닉스,DRAM,79,78.85770064924947
2022,6,SK하이닉스,NAND,88,77.60217306523275
2022,6,SK하이닉스,SSD,188,74.47585470423363
2022,6,SK하이닉스,CPU,105,78.1682728419205
2022,6,TSMC,DRAM,170,83.88498678545174
2022,6,TSMC,NAND,188,76.5281233401281
2022,6,TSMC,SSD,148,70.28618231024858
2022,6,TSMC,CPU,107,76.45826386841782
2022,6,Intel,DRAM,83,79.05616127052491
2022,6,Intel,NAND,139,84.40302126639827
2022,6,Intel,SSD,196,79.45922280135373
2022,6,Intel,CPU,98,71.22025104446622
2022,6,Micron,DRAM,117,81.97530957923274
2022,6,Micron,NAND,173,83.1030356568456
2022,6,Micron,SSD,57,72.42893373277371
2022,6,Micron,CPU,93,84.03765462502263
2022,7,삼성전자,DRAM,94,78.98031845449017
2022,7,삼성전자,NAND,127,70.72404050595716
2022,7,삼성전자,SSD,149,72.02224411136845
2022,7,삼성전자,CPU,112,73.69795892784852
2022,7,SK하이닉스,DRAM,195,75.57757722791258
2022,7,SK하이닉스,NAND,183,74.56837652626793
2022,7,SK하이닉스,SSD,141,76.16877900725144
2022,7,SK하이닉스,CPU,101,83.32403297403813
2022,7,TSMC,DRAM,65,80.74433492234712
2022,7,TSMC,NAND,139,70.16186326112856
2022,7,TSMC,SSD,80,80.36218092384769
2022,7,TSMC,CPU,151,81.86164621193211
2022,7,Intel,DRAM,105,78.91264948501038
2022,7,Intel,NAND,146,70.69959356951846
2022,7,Intel,SSD,126,70.0456614235618
2022,7,Intel,CPU,78,82.53467464692916
2022,7,Micron,DRAM,147,75.85364965517917
2022,7,Micron,NAND,188,76.64460570565457
2022,7,Micron,SSD,177,77.93371105442844
2022,7,Micron,CPU,118,70.40864602566396
2022,8,삼성전자,DRAM,195,83.73818530311902
2022,8,삼성전자,NAND,187,80.16142129679073
2022,8,삼성전자,SSD,106,76.18657917612927
2022,8,삼성전자,CPU,84,80.50427213262955
2022,8,SK하이닉스,DRAM,185,84.6865349498855
2022,8,SK하이닉스,NAND,113,70.28335278990222
2022,8,SK하이닉스,SSD,151,78.98445115878212
2022,8,SK하이닉스,CPU,145,84.8398265707203
2022,8,TSMC,DRAM,127,78.21555603650208
2022,8,TSMC,NAND,144,79.59098667553287
2022,8,TSMC,SSD,187,72.50453805842102
2022,8,TSMC,CPU,61,74.08258074468347
2022,8,Intel,DRAM,74,73.14374683744616
2022,8,Intel,NAND,86,75.2729479244399
2022,8,Intel,SSD,178,84.65569921926799
2022,8,Intel,CPU,181,71.65118843082085
2022,8,Micron,DRAM,152,83.88100335298232
2022,8,Micron,NAND,152,72.51930678409171
2022,8,Micron,SSD,112,82.61630324751206
2022,8,Micron,CPU,91,73.18998580207597
2022,9,삼성전자,DRAM,105,72.5911511663807
2022,9,삼성전자,NAND,75,79.56803076411545
2022,9,삼성전자,SSD,140,82.8016441434828
2022,9,삼성전자,CPU,136,76.65114998383953
2022,9,SK하이닉스,DRAM,144,81.40124409758909
2022,9,SK하이닉스,NAND,167,79.50156816269156
2022,9,SK하이닉스,SSD,141,82.5359338975334
2022,9,SK하이닉스,CPU,144,82.58928573310354
2022,9,TSMC,DRAM,169,71.44038888654778
2022,9,TSMC,NAND,132,72.09065271514014
2022,9,TSMC,SSD,76,71.492303862871
2022,9,TSMC,CPU,157,73.39109270356249
2022,9,Intel,DRAM,190,82.10271576497233
2022,9,Intel,NAND,144,73.35188894424313
2022,9,Intel,SSD,86,81.61574879582638
2022,9,Intel,CPU,178,74.07870435897959
2022,9,Micron,DRAM,58,70.08413424154811
2022,9,Micron,NAND,70,75.76483364874296
2022,9,Micron,SSD,87,70.29940077816839
2022,9,Micron,CPU,101,83.56015250734531
2022,10,삼성전자,DRAM,186,78.87520884964272
2022,10,삼성전자,NAND,95,77.83786024588656
2022,10,삼성전자,SSD,97,80.7694469164993
2022,10,삼성전자,CPU,118,74.66222417574583
2022,10,SK하이닉스,DRAM,149,78.44032996852992
2022,10,SK하이닉스,NAND,137,70.63046839590658
2022,10,SK하이닉스,SSD,122,83.59310905043874
2022,10,SK하이닉스,CPU,75,70.5724855079781
2022,10,TSMC,DRAM,154,74.87688213975011
2022,10,TSMC,NAND,108,71.42068174014416
2022,10,TSMC,SSD,188,81.19221762978547
2022,10,TSMC,CPU,156,80.96302144977248
2022,10,Intel,DRAM,54,80.69724287990299
2022,10,Intel,NAND,56,80.44397665604008
2022,10,Intel,SSD,105,74.78576140006327
2022,10,Intel,CPU,179,84.59119587178472
2022,10,Micron,DRAM,82,73.81145390181334
2022,10,Micron,NAND,174,83.02557489298961
2022,10,Micron,SSD,179,77.17094842325211
2022,10,Micron,CPU,172,79.37557578138166
2022,11,삼성전자,DRAM,54,76.5900740737634
2022,11,삼성전자,NAND,134,73.29219993891252
2022,11,삼성전자,SSD,174,77.75156074868895
2022,11,삼성전자,CPU,78,77.12544656959976
2022,11,SK하이닉스,DRAM,142,81.18057688897044
2022,11,SK하이닉스,NAND,125,70.05458211925337
2022,11,SK하이닉스,SSD,130,70.94705122216116
2022,11,SK하이닉스,CPU,192,73.28132761072504
2022,11,TSMC,DRAM,124,83.33559851477298
2022,11,TSMC,NAND,118,76.99323148646053
2022,11,TSMC,SSD,196,77.19508736957134
2022,11,TSMC,CPU,81,82.16117953434632
2022,11,Intel,DRAM,152,84.33400506453953
2022,11,Intel,NAND,183,70.58653755483901
2022,11,Intel,SSD,82,79.75697420495258
2022,11,Intel,CPU,188,77.12732110477144
2022,11,Micron,DRAM,196,78.21730950691118
2022,11,Micron,NAND,71,81.82098814452071
2022,11,Micron,SSD,146,78.09821740378518
2022,11,Micron,CPU,127,81.81389102824107
2022,12,삼성전자,DRAM,132,79.57376642931413
2022,12,삼성전자,NAND,160,80.61975215769752
2022,12,삼성전자,SSD,112,72.52723257151999
2022,12,삼성전자,CPU,187,78.72638329195024
2022,12,SK하이닉스,DRAM,169,74.07820935383376
2022,12,SK하이닉스,NAND,96,79.78683555320494
2022,12,SK하이닉스,SSD,160,79.56237414872743
2022,12,SK하이닉스,CPU,60,71.09297077328637
2022,12,TSMC,DRAM,132,83.11127120557154
2022,12,TSMC,NAND,148,73.11665273594375
2022,12,TSMC,SSD,75,72.06650269658222
2022,12,TSMC,CPU,138,71.69073255713948
2022,12,Intel,DRAM,90,82.27257007195092
2022,12,Intel,NAND,74,71.32182148544666
2022,12,Intel,SSD,144,71.07312568495512
2022,12,Intel,CPU,186,75.96193495546014
2022,12,Micron,DRAM,169,79.90433942362284
2022,12,Micron,NAND,93,70.88236184183853
2022,12,Micron,SSD,195,75.86001434349339
2022,12,Micron,CPU,159,71.5751477485043
2023,1,삼성전자,DRAM,187,83.8947890264596
2023,1,삼성전자,NAND,93,77.93869241458657
2023,1,삼성전자,SSD,168,74.85224006844543
2023,1,삼성전자,CPU,96,78.05982125749631
2023,1,SK하이닉스,DRAM,98,70.16720141614591
2023,1,SK하이닉스,NAND,188,81.05409559745735
2023,1,SK하이닉스,SSD,167,82.11913099724963
2023,1,SK하이닉스,CPU,59,79.56371610184151
2023,1,TSMC,DRAM,61,77.45256455906754
2023,1,TSMC,NAND,132,81.15334399340593
2023,1,TSMC,SSD,105,78.00406172281966
2023,1,TSMC,CPU,160,77.1275577276461
2023,1,Intel,DRAM,87,74.16025110378959
2023,1,Intel,NAND,118,81.87032670205919
2023,1,Intel,SSD,51,70.35994317216965
2023,1,Intel,CPU,148,81.0295116299772
2023,1,Micron,DRAM,122,79.33666423891643
2023,1,Micron,NAND,127,72.20865635742216
2023,1,Micron,SSD,75,80.01775366827306
2023,1,Micron,CPU,78,82.87953229280042
2023,2,삼성전자,DRAM,117,81.14173918400937
2023,2,삼성전자,NAND,135,76.02147553822071
2023,2,삼성전자,SSD,126,79.6515136327681
2023,2,삼성전자,CPU,144,76.73818021249261
2023,2,SK하이닉스,DRAM,142,83.86939161699944
2023,2,SK하이닉스,NAND,162,71.84430393742633
2023,2,SK하이닉스,SSD,190,78.79109920536504
2023,2,SK하이닉스,CPU,196,77.1117857208194
2023,2,TSMC,DRAM,67,81.07646056618492
2023,2,TSMC,NAND,62,84.77994342174614
2023,2,TSMC,SSD,116,75.73473644055036
2023,2,TSMC,CPU,146,78.00717548897148
2023,2,Intel,DRAM,178,78.83384017190575
2023,2,Intel,NAND,106,80.32322239472259
2023,2,Intel,SSD,131,77.87199926563314
2023,2,Intel,CPU,136,72.13989380401189
2023,2,Micron,DRAM,53,76.55115191862342
2023,2,Micron,NAND,120,84.8824778824791
2023,2,Micron,SSD,118,73.35439800719159
2023,2,Micron,CPU,189,79.75314813425081
2023,3,삼성전자,DRAM,80,77.19383780071217
2023,3,삼성전자,NAND,156,77.30413196066688
2023,3,삼성전자,SSD,80,70.1908580976409
2023,3,삼성전자,CPU,191,72.34934672532275
2023,3,SK하이닉스,DRAM,156,72.13553427804446
2023,3,SK하이닉스,NAND,94,70.82164569021047
2023,3,SK하이닉스,SSD,171,74.42914784391166
2023,3,SK하이닉스,CPU,91,75.92306923473258
2023,3,TSMC,DRAM,94,80.35058716922606
2023,3,TSMC,NAND,113,80.17276866025577
2023,3,TSMC,SSD,93,83.28559981074184
2023,3,TSMC,CPU,107,81.15281233821109
2023,3,Intel,DRAM,124,80.3063708946697
2023,3,Intel,NAND,183,80.64897099631119
2023,3,Intel,SSD,112,70.76311923387756
2023,3,Intel,CPU,160,81.79960803809946
2023,3,Micron,DRAM,102,75.47338464995109
2023,3,Micron,NAND,127,77.9168346094685
2023,3,Micron,SSD,190,75.29795017823375
2023,3,Micron,CPU,148,73.49683553114697
2023,4,삼성전자,DRAM,188,83.95875056749891
2023,4,삼성전자,NAND,60,78.11476268974197
2023,4,삼성전자,SSD,168,82.69512949059347
2023,4,삼성전자,CPU,53,72.26450176253377
2023,4,SK하이닉스,DRAM,121,78.91251336043564
2023,4,SK하이닉스,NAND,198,83.4828574267173
2023,4,SK하이닉스,SSD,168,74.60100892937255
2023,4,SK하이닉스,CPU,183,84.70516965346589
2023,4,TSMC,DRAM,88,77.76664601668811
2023,4,TSMC,NAND,124,82.13298646663378
2023,4,TSMC,SSD,113,78.74273141737622
2023,4,TSMC,CPU,116,80.0095932476915
2023,4,Intel,DRAM,143,76.56624126642436
2023,4,Intel,NAND,104,80.7327711604013
2023,4,Intel,SSD,73,70.162839000384
2023,4,Intel,CPU,105,77.03808049615417
2023,4,Micron,DRAM,175,78.81689809354087
2023,4,Micron,NAND,80,77.72712051804827
2023,4,Micron,SSD,65,70.62225508741926
2023,4,Micron,CPU,181,84.6743534698913
2023,5,삼성전자,DRAM,73,81.5701826036775
2023,5,삼성전자,NAND,105,71.85321280291224
2023,5,삼성전자,SSD,120,71.78841112607219
2023,5,삼성전자,CPU,198,78.61182718086647
2023,5,SK하이닉스,DRAM,75,77.6327001915427
2023,5,SK하이닉스,NAND,194,81.24200170954137
2023,5,SK하이닉스,SSD,197,79.1139397394429
2023,5,SK하이닉스,CPU,108,74.86530210070258
2023,5,TSMC,DRAM,125,82.7485630323366
2023,5,TSMC,NAND,143,83.07073355911163
2023,5,TSMC,SSD,190,71.63310852779587
2023,5,TSMC,CPU,79,83.06264023640668
2023,5,Intel,DRAM,166,70.1054115318069
2023,5,Intel,NAND,193,74.59774535417242
2023,5,Intel,SSD,138,84.58469153496131
2023,5,Intel,CPU,152,70.40352556238463
2023,5,Micron,DRAM,145,83.07280329214981
2023,5,Micron,NAND,68,79.55760486156883
2023,5,Micron,SSD,64,83.50656339693936
2023,5,Micron,CPU,105,82.83166224913033
2023,6,삼성전자,DRAM,190,83.89115155302022
2023,6,삼성전자,NAND,58,77.4343689157714
2023,6,삼성전자,SSD,143,80.96902997671998
2023,6,삼성전자,CPU,123,79.48913004725534
2023,6,SK하이닉스,DRAM,70,81.84487073777979
2023,6,SK하이닉스,NAND,104,71.86022540544174
2023,6,SK하이닉스,SSD,60,73.54118437268147
2023,6,SK하이닉스,CPU,112,84.82156220318174
2023,6,TSMC,DRAM,140,78.09584690798636
2023,6,TSMC,NAND,167,70.36402293512305
2023,6,TSMC,SSD,73,76.15243514410965
2023,6,TSMC,CPU,148,80.65727246697887
2023,6,Intel,DRAM,150,78.47816104513512
2023,6,Intel,NAND,96,78.71094883990853
2023,6,Intel,SSD,55,76.54794077069823
2023,6,Intel,CPU,161,73.05050463636697
2023,6,Micron,DRAM,108,82.2913281904824
2023,6,Micron,NAND,59,74.06313646234715
2023,6,Micron,SSD,103,73.60049400306617
2023,6,Micron,CPU,129,78.46139011850288
2023,7,삼성전자,DRAM,72,76.31579068429734
2023,7,삼성전자,NAND,176,70.80273391668946
2023,7,삼성전자,SSD,96,81.66911599882008
2023,7,삼성전자,CPU,62,78.08162667846905
2023,7,SK하이닉스,DRAM,164,84.5534567113039
2023,7,SK하이닉스,NAND,131,77.61895602244327
2023,7,SK하이닉스,SSD,73,75.09550693774037
2023,7,SK하이닉스,CPU,133,73.63683242406093
2023,7,TSMC,DRAM,73,73.30337488054185
2023,7,TSMC,NAND,89,81.03611825044277
2023,7,TSMC,SSD,184,80.85212368553746
2023,7,TSMC,CPU,90,80.97227241009892
2023,7,Intel,DRAM,107,71.23014984112599
2023,7,Intel,NAND,161,81.35680330388959
2023,7,Intel,SSD,99,79.12371189329028
2023,7,Intel,CPU,142,84.26539092622998
2023,7,Micron,DRAM,94,73.99499632558441
2023,7,Micron,NAND,94,73.90900121013996
2023,7,Micron,SSD,113,76.95056297392863
2023,7,Micron,CPU,74,73.86150327510569
2023,8,삼성전자,DRAM,135,80.75095513484304
2023,8,삼성전자,NAND,101,79.2272145842255
2023,8,삼성전자,SSD,77,81.79890385292802
2023,8,삼성전자,CPU,168,78.7706124912612
2023,8,SK하이닉스,DRAM,181,76.54219617623454
2023,8,SK하이닉스,NAND,121,72.14856894024105
2023,8,SK하이닉스,SSD,146,80.44250951995686
2023,8,SK하이닉스,CPU,56,83.94658802853955
2023,8,TSMC,DRAM,153,84.03990614814934
2023,8,TSMC,NAND,96,83.03963922401059
2023,8,TSMC,SSD,194,70.17563037470224
2023,8,TSMC,CPU,93,74.42236800177486
2023,8,Intel,DRAM,177,82.87949637032118
2023,8,Intel,NAND,159,70.30261897236521
2023,8,Intel,SSD,170,70.37182017603816
2023,8,Intel,CPU,90,81.86538005862938
2023,8,Micron,DRAM,194,77.41677566121436
2023,8,Micron,NAND,179,77.57495426276972
2023,8,Micron,SSD,88,83.68970206169388
2023,8,Micron,CPU,56,81.42911440071532
2023,9,삼성전자,DRAM,87,72.59270960910686
2023,9,삼성전자,NAND,153,74.14861199670159
2023,9,삼성전자,SSD,195,79.39653697618957
2023,9,삼성전자,CPU,52,75.01265548655722
2023,9,SK하이닉스,DRAM,136,73.0937243885445
2023,9,SK하이닉스,NAND,151,70.07085662917675
2023,9,SK하이닉스,SSD,157,73.20052862778739
2023,9,SK하이닉스,CPU,164,83.55256720358264
2023,9,TSMC,DRAM,94,71.09545926461514
2023,9,TSMC,NAND,66,78.571077578008
2023,9,TSMC,SSD,65,76.4231034654942
2023,9,TSMC,CPU,161,84.86493301844133
2023,9,Intel,DRAM,196,79.22566021023628
2023,9,Intel,NAND,129,72.21706812647284
2023,9,Intel,SSD,112,82.80120864537557
2023,9,Intel,CPU,78,83.31534987937113
2023,9,Micron,DRAM,116,77.02504742608424
2023,9,Micron,NAND,70,81.55116824895
2023,9,Micron,SSD,65,76.07494352858508
2023,9,Micron,CPU,72,79.12390486805958
2023,10,삼성전자,DRAM,55,78.35041680127182
2023,10,삼성전자,NAND,125,81.05050112644317
2023,10,삼성전자,SSD,158,70.20028736838643
2023,10,삼성전자,CPU,139,83.28536036061911
2023,10,SK하이닉스,DRAM,188,84.55999925461059
2023,10,SK하이닉스,NAND,142,76.79083850695895
2023,10,SK하이닉스,SSD,184,75.46365129125593
2023,10,SK하이닉스,CPU,140,80.36549803412011
2023,10,TSMC,DRAM,79,82.80206899805768
2023,10,TSMC,NAND,100,70.00290683134492
2023,10,TSMC,SSD,129,71.0563482147566
2023,10,TSMC,CPU,84,80.7418757023406
2023,10,Intel,DRAM,152,83.69714908165247
2023,10,Intel,NAND,107,71.47425409005143
2023,10,Intel,SSD,57,70.3230135150289
2023,10,Intel,CPU,100,72.56598315789118
2023,10,Micron,DRAM,189,73.89928951636027
2023,10,Micron,NAND,117,70.87718056461759
2023,10,Micron,SSD,63,73.43270377220331
2023,10,Micron,CPU,53,78.09487498604868
2023,11,삼성전자,DRAM,159,72.35277784418784
2023,11,삼성전자,NAND,94,78.74956778242895
2023,11,삼성전자,SSD,180,70.98704306588566
2023,11,삼성전자,CPU,85,71.05657788976951
2023,11,SK하이닉스,DRAM,98,80.03881445863543
2023,11,SK하이닉스,NAND,65,84.74073221773817
2023,11,SK하이닉스,SSD,135,74.8769659735264
2023,11,SK하이닉스,CPU,109,71.16940467591597
2023,11,TSMC,DRAM,122,73.95625804207575
2023,11,TSMC,NAND,199,71.65233992190983
2023,11,TSMC,SSD,179,81.20344866003249
2023,11,TSMC,CPU,114,74.25760160261049
2023,11,Intel,DRAM,197,79.94717498120436
2023,11,Intel,NAND,157,75.92143840952453
2023,11,Intel,SSD,148,82.81243006777767
2023,11,Intel,CPU,154,75.96381789758289
2023,11,Micron,DRAM,133,77.76676993350432
2023,11,Micron,NAND,117,80.00833627418382
2023,11,Micron,SSD,86,74.01552648580574
2023,11,Micron,CPU,57,78.73385756505078
2023,12,삼성전자,DRAM,150,71.00020906500104
2023,12,삼성전자,NAND,170,71.4124816688651
2023,12,삼성전자,SSD,103,76.46030574218817
2023,12,삼성전자,CPU,141,81.18018941914094
2023,12,SK하이닉스,DRAM,97,84.71176332832609
2023,12,SK하이닉스,NAND,61,82.04848355144983
2023,12,SK하이닉스,SSD,171,76.39918770771328
2023,12,SK하이닉스,CPU,133,73.67663776193531
2023,12,TSMC,DRAM,195,78.64430373092314
2023,12,TSMC,NAND,109,74.86063391534877
2023,12,TSMC,SSD,189,77.04336917504243
2023,12,TSMC,CPU,186,81.53337972777024
2023,12,Intel,DRAM,169,71.45286154244786
2023,12,Intel,NAND,95,77.93297966716092
2023,12,Intel,SSD,114,71.6225534247341
2023,12,Intel,CPU,62,79.20316448892508
2023,12,Micron,DRAM,199,77.87391939952074
2023,12,Micron,NAND,195,74.96647795743414
2023,12,Micron,SSD,80,73.65917609445285
2023,12,Micron,CPU,93,76.20830869136918
2024,1,삼성전자,DRAM,81,76.21955040011471
2024,1,삼성전자,NAND,150,79.51393897754161
2024,1,삼성전자,SSD,76,88.91720530948228
2024,1,삼성전자,CPU,137,88.87675078606713
2024,1,SK하이닉스,DRAM,203,75.39272381634571
2024,1,SK하이닉스,NAND,193,87.73598968705257
2024,1,SK하이닉스,SSD,220,81.99584220236251
2024,1,SK하이닉스,CPU,119,87.8147192589108
2024,1,TSMC,DRAM,227,86.9214604825272
2024,1,TSMC,NAND,141,75.55868277593166
2024,1,TSMC,SSD,140,84.92979268564706
2024,1,TSMC,CPU,136,84.47160048933836
2024,1,Intel,DRAM,210,80.81495002469963
2024,1,Intel,NAND,133,75.95294321239273
2024,1,Intel,SSD,63,83.24582408513243
2024,1,Intel,CPU,173,82.8054665545922
2024,1,Micron,DRAM,129,80.09908100057335
2024,1,Micron,NAND,153,75.04378221590247
2024,1,Micron,SSD,145,89.59940105583631
2024,1,Micron,CPU,127,80.57309222516189
2024,2,삼성전자,DRAM,75,78.78747135540837
2024,2,삼성전자,NAND,204,77.90236295654934
2024,2,삼성전자,SSD,70,84.6966759512134
2024,2,삼성전자,CPU,174,78.81911189636998
2024,2,SK하이닉스,DRAM,141,87.27033861146039
2024,2,SK하이닉스,NAND,185,76.16551132829079
2024,2,SK하이닉스,SSD,220,85.75288044020066
2024,2,SK하이닉스,CPU,139,87.22444795837565
2024,2,TSMC,DRAM,215,79.3740996299441
2024,2,TSMC,NAND,183,89.52942854196203
2024,2,TSMC,SSD,173,88.7232481497339
2024,2,TSMC,CPU,100,85.57724476993863
2024,2,Intel,DRAM,228,78.81570677873822
2024,2,Intel,NAND,186,79.23148662927247
2024,2,Intel,SSD,208,81.58055830732646
2024,2,Intel,CPU,135,86.9291803437331
2024,2,Micron,DRAM,123,87.70109131805204
2024,2,Micron,NAND,84,80.10559548512174
2024,2,Micron,SSD,165,82.49182769453857
2024,2,Micron,CPU,145,80.9835646993479
2024,3,삼성전자,DRAM,207,78.90539773694539
2024,3,삼성전자,NAND,113,78.13401292594993
2024,3,삼성전자,SSD,214,87.20849677640203
2024,3,삼성전자,CPU,80,85.8064581035249
2024,3,SK하이닉스,DRAM,130,83.66217403208684
2024,3,SK하이닉스,NAND,163,77.59324055585103
2024,3,SK하이닉스,SSD,218,77.83552778613982
2024,3,SK하이닉스,CPU,78,80.42597991086377
2024,3,TSMC,DRAM,135,88.84524979768862
2024,3,TSMC,NAND,62,78.38960774682954
2024,3,TSMC,SSD,87,86.23939725896179
2024,3,TSMC,CPU,85,76.1601745566863
2024,3,Intel,DRAM,137,76.47005432015466
2024,3,Intel,NAND,192,80.53076063811477
2024,3,Intel,SSD,152,75.03127076411992
2024,3,Intel,CPU,157,86.8139367181007
2024,3,Micron,DRAM,77,81.36725107599601
2024,3,Micron,NAND,98,78.00644557818899
2024,3,Micron,SSD,120,85.90054974315417
2024,3,Micron,CPU,176,82.63196891921602
2024,4,삼성전자,DRAM,106,86.70252526651821
2024,4,삼성전자,NAND,142,84.43113050693046
2024,4,삼성전자,SSD,65,80.36811384353543
2024,4,삼성전자,CPU,107,80.87763761912541
2024,4,SK하이닉스,DRAM,208,84.85525585112156
2024,4,SK하이닉스,NAND,78,80.59850497429808
2024,4,SK하이닉스,SSD,223,86.68728616609374
2024,4,SK하이닉스,CPU,154,86.00544045892997
2024,4,TSMC,DRAM,86,81.58605396388363
2024,4,TSMC,NAND,106,84.25696793651177
2024,4,TSMC,SSD,74,78.44022990079446
2024,4,TSMC,CPU,127,78.13840090000828
2024,4,Intel,DRAM,207,85.33130061382852
2024,4,Intel,NAND,61,82.46954651403104
2024,4,Intel,SSD,94,81.23183207585245
2024,4,Intel,CPU,154,76.90427555140587
2024,4,Micron,DRAM,96,75.42390366828813
2024,4,Micron,NAND,112,87.2099637187384
2024,4,Micron,SSD,166,87.97889524121757
2024,4,Micron,CPU,219,84.45646391150403
2024,5,삼성전자,DRAM,122,81.92380527029326
2024,5,삼성전자,NAND,82,79.82865315166765
2024,5,삼성전자,SSD,196,80.57046399544966
2024,5,삼성전자,CPU,148,86.61550785088845
2024,5,SK하이닉스,DRAM,178,89.68355068095725
2024,5,SK하이닉스,NAND,125,83.2919394663171
2024,5,SK하이닉스,SSD,237,88.1222381511317
2024,5,SK하이닉스,CPU,184,78.35175801561522
2024,5,TSMC,DRAM,60,89.03219661839313
2024,5,TSMC,NAND,150,89.73326726756274
2024,5,TSMC,SSD,239,75.05209176031887
2024,5,TSMC,CPU,158,86.98126439705821
2024,5,Intel,DRAM,178,87.98683664283232
2024,5,Intel,NAND,75,78.9327039047354
2024,5,Intel,SSD,94,80.06411453715555
2024,5,Intel,CPU,180,87.48178630191029
2024,5,Micron,DRAM,160,78.84293424341814
2024,5,Micron,NAND,227,83.63324796486788
2024,5,Micron,SSD,156,85.99676914165867
2024,5,Micron,CPU,75,82.33719588204931
2024,6,삼성전자,DRAM,113,80.76438764822437
2024,6,삼성전자,NAND,115,82.99166144897411
2024,6,삼성전자,SSD,74,81.00900058469333
2024,6,삼성전자,CPU,114,83.35335476607621
2024,6,SK하이닉스,DRAM,169,82.71127537735086
2024,6,SK하이닉스,NAND,207,87.87089421795216
2024,6,SK하이닉스,SSD,94,82.26109397991038
2024,6,SK하이닉스,CPU,107,82.15655210804401
2024,6,TSMC,DRAM,119,77.50938245242912
2024,6,TSMC,NAND,126,78.33597030174242
2024,6,TSMC,SSD,111,76.2442822945758
2024,6,TSMC,CPU,66,87.93939037685914
2024,6,Intel,DRAM,123,78.95986617546572
2024,6,Intel,NAND,102,77.50877686174265
2024,6,Intel,SSD,119,77.33035351119368
2024,6,Intel,CPU,196,83.96336081800112
2024,6,Micron,DRAM,226,88.18758708093273
2024,6,Micron,NAND,210,86.27362235128464
2024,6,Micron,SSD,138,82.50315745330987
2024,6,Micron,CPU,213,82.52580877595952
2024,7,삼성전자,DRAM,140,86.16152176717424
2024,7,삼성전자,NAND,96,87.6681920878506
2024,7,삼성전자,SSD,191,83.50729848725852
2024,7,삼성전자,CPU,175,80.46010901440098
2024,7,SK하이닉스,DRAM,97,86.57099504703392
2024,7,SK하이닉스,NAND,135,77.91678368718368
2024,7,SK하이닉스,SSD,134,79.83198469047358
2024,7,SK하이닉스,CPU,207,76.15308564694784
2024,7,TSMC,DRAM,190,80.35254402928925
2024,7,TSMC,NAND,212,82.09305451860435
2024,7,TSMC,SSD,187,84.13551524174585
2024,7,TSMC,CPU,87,77.29767775245033
2024,7,Intel,DRAM,114,82.55314453441495
2024,7,Intel,NAND,202,89.08359389964708
2024,7,Intel,SSD,225,85.18318235509071
2024,7,Intel,CPU,85,83.90185824516385
2024,7,Micron,DRAM,67,77.59323614702738
2024,7,Micron,NAND,104,77.60638784032858
2024,7,Micron,SSD,78,87.16247126523834
2024,7,Micron,CPU,178,88.60935019318282
2024,8,삼성전자,DRAM,229,85.62791730846877
2024,8,삼성전자,NAND,231,83.71129112811892
2024,8,삼성전자,SSD,164,86.92131819288625
2024,8,삼성전자,CPU,75,83.30672059269841
2024,8,SK하이닉스,DRAM,196,88.86498932784801
2024,8,SK하이닉스,NAND,117,79.31400318029061
2024,8,SK하이닉스,SSD,70,82.26003867691834
2024,8,SK하이닉스,CPU,84,85.12797592575318
2024,8,TSMC,DRAM,97,77.02423032157867
2024,8,TSMC,NAND,107,86.29706879691769
2024,8,TSMC,SSD,144,82.85090635555237
2024,8,TSMC,CPU,152,87.21573861602812
2024,8,Intel,DRAM,104,76.17339638688514
2024,8,Intel,NAND,110,82.65257713273559
2024,8,Intel,SSD,192,89.09965396157473
2024,8,Intel,CPU,227,89.77593977004798
2024,8,Micron,DRAM,114,84.43322354701321
2024,8,Micron,NAND,67,86.50084613441634
2024,8,Micron,SSD,167,79.96354577650469
2024,8,Micron,CPU,169,76.69533426039393
2024,9,삼성전자,DRAM,183,81.99215209319031
2024,9,삼성전자,NAND,195,77.09221029508774
2024,9,삼성전자,SSD,187,83.29592938230185
2024,9,삼성전자,CPU,174,77.75947064923396
2024,9,SK하이닉스,DRAM,78,82.57793434865394
2024,9,SK하이닉스,NAND,140,76.42991876468706
2024,9,SK하이닉스,SSD,203,75.3086538710293
2024,9,SK하이닉스,CPU,62,75.76943937635556
2024,9,TSMC,DRAM,75,77.52002420644189
2024,9,TSMC,NAND,198,86.73863456401749
2024,9,TSMC,SSD,181,82.60498980169027
2024,9,TSMC,CPU,200,77.32450676225767
2024,9,Intel,DRAM,75,87.43061015547008
2024,9,Intel,NAND,67,89.52012898853347
2024,9,Intel,SSD,87,86.24666628252818
2024,9,Intel,CPU,125,80.29297144252702
2024,9,Micron,DRAM,132,80.29970437894757
2024,9,Micron,NAND,124,89.64527219537239
2024,9,Micron,SSD,136,86.14490748020731
2024,9,Micron,CPU,86,85.02855370714875
2024,10,삼성전자,DRAM,77,84.02221652226811
2024,10,삼성전자,NAND,226,83.09307055399519
2024,10,삼성전자,SSD,225,76.66749027256976
2024,10,삼성전자,CPU,185,79.57503457248328
2024,10,SK하이닉스,DRAM,157,77.9310534851619
2024,10,SK하이닉스,NAND,183,77.90668082505375
2024,10,SK하이닉스,SSD,162,85.46225448412372
2024,10,SK하이닉스,CPU,207,78.89022258267518
2024,10,TSMC,DRAM,72,82.3617698811122
2024,10,TSMC,NAND,81,81.43942401981921
2024,10,TSMC,SSD,147,76.18562058883998
2024,10,TSMC,CPU,182,89.12775698903516
2024,10,Intel,DRAM,66,82.20793873517232
2024,10,Intel,NAND,111,88.70046347885997
2024,10,Intel,SSD,93,80.79671607261092
2024,10,Intel,CPU,66,79.35470665126671
2024,10,Micron,DRAM,141,79.96237339404777
2024,10,Micron,NAND,63,78.85715614785784
2024,10,Micron,SSD,77,82.4954070884466
2024,10,Micron,CPU,95,81.95841151625507
2024,11,삼성전자,DRAM,73,89.20897650619222
2024,11,삼성전자,NAND,208,75.79742078940866
2024,11,삼성전자,SSD,61,81.02593054758087
2024,11,삼성전자,CPU,208,87.84461233672754
2024,11,SK하이닉스,DRAM,115,78.1659429282754
2024,11,SK하이닉스,NAND,213,82.43689100312037
2024,11,SK하이닉스,SSD,68,82.26152299280734
2024,11,SK하이닉스,CPU,149,87.03204522518499
2024,11,TSMC,DRAM,117,84.93170084977913
2024,11,TSMC,NAND,233,78.11905199809107
2024,11,TSMC,SSD,144,86.071916859848
2024,11,TSMC,CPU,130,89.9104356535104
2024,11,Intel,DRAM,73,84.98275968265865
2024,11,Intel,NAND,73,89.4812176218728
2024,11,Intel,SSD,186,81.63309784451508
2024,11,Intel,CPU,179,80.53249596439022
2024,11,Micron,DRAM,235,82.6131421890238
2024,11,Micron,NAND,82,84.39670018649242
2024,11,Micron,SSD,227,77.37196654053355
2024,11,Micron,CPU,128,83.370976351562
2024,12,삼성전자,DRAM,63,77.51372091848533
2024,12,삼성전자,NAND,197,84.53000369592353
2024,12,삼성전자,SSD,141,82.5792146528338
2024,12,삼성전자,CPU,70,87.5166247576432
2024,12,SK하이닉스,DRAM,213,82.69223026011016
2024,12,SK하이닉스,NAND,70,78.9471545050891
2024,12,SK하이닉스,SSD,177,84.99165853381209
2024,12,SK하이닉스,CPU,221,84.26886197055133
2024,12,TSMC,DRAM,174,81.24644036366689
2024,12,TSMC,NAND,125,87.48076661669313
2024,12,TSMC,SSD,132,77.45164213837076
2024,12,TSMC,CPU,95,88.57798033904635
2024,12,Intel,DRAM,64,82.56688683284455
2024,12,Intel,NAND,132,82.38971019979009
2024,12,Intel,SSD,117,87.93775628449862
2024,12,Intel,CPU,238,88.48878830799977
2024,12,Micron,DRAM,149,87.92945453110644
2024,12,Micron,NAND,140,77.17131366877572
2024,12,Micron,SSD,228,75.42282038034487
2024,12,Micron,CPU,194,77.45528022959584
2025,1,삼성전자,DRAM,220,86.39056936880284
2025,1,삼성전자,NAND,150,85.2943777344765
2025,1,삼성전자,SSD,184,83.62313566310442
2025,1,삼성전자,CPU,107,80.32835409837098
2025,1,SK하이닉스,DRAM,80,83.25263239817912
2025,1,SK하이닉스,NAND,75,92.15888942868162
2025,1,SK하이닉스,SSD,260,88.24171797471266
2025,1,SK하이닉스,CPU,148,82.35990588662375
2025,1,TSMC,DRAM,106,94.09394281541795
2025,1,TSMC,NAND,265,83.27313874966583
2025,1,TSMC,SSD,203,87.63481939020035
2025,1,TSMC,CPU,238,83.74861454150548
2025,1,Intel,DRAM,204,81.67948377151863
2025,1,Intel,NAND,91,80.13895737032352
2025,1,Intel,SSD,235,83.37420547148766
2025,1,Intel,CPU,250,83.01049002750455
2025,1,Micron,DRAM,197,94.8306335281527
2025,1,Micron,NAND,211,84.87412807272806
2025,1,Micron,SSD,174,88.88847829871206
2025,1,Micron,CPU,169,90.80014027341736
2025,2,삼성전자,DRAM,103,83.73629016311862
2025,2,삼성전자,NAND,217,90.53307276390657
2025,2,삼성전자,SSD,232,89.28920718525019
2025,2,삼성전자,CPU,117,80.27216163008795
2025,2,SK하이닉스,DRAM,213,84.9224799256866
2025,2,SK하이닉스,NAND,117,94.71236988953179
2025,2,SK하이닉스,SSD,90,91.54278274773297
2025,2,SK하이닉스,CPU,262,92.69317785160105
2025,2,TSMC,DRAM,247,94.54326480279703
2025,2,TSMC,NAND,257,80.24038479713121
2025,2,TSMC,SSD,95,83.70440956844375
2025,2,TSMC,CPU,268,81.46879009339055
2025,2,Intel,DRAM,130,94.73955716411773
2025,2,Intel,NAND,121,82.32919725878342
2025,2,Intel,SSD,252,81.57688197268095
2025,2,Intel,CPU,163,84.30015359446347
2025,2,Micron,DRAM,274,86.24429428033599
2025,2,Micron,NAND,242,88.4375882382135
2025,2,Micron,SSD,210,92.10855476229082
2025,2,Micron,CPU,195,92.92648862463479
2025,3,삼성전자,DRAM,136,89.39704368469349
2025,3,삼성전자,NAND,110,84.6359208037881
2025,3,삼성전자,SSD,170,90.17214924183918
2025,3,삼성전자,CPU,185,88.90889811351897
2025,3,SK하이닉스,DRAM,135,90.05822238969522
2025,3,SK하이닉스,NAND,277,87.44492363780206
2025,3,SK하이닉스,SSD,74,93.97862234632315
2025,3,SK하이닉스,CPU,80,86.70913633698277
2025,3,TSMC,DRAM,279,91.42400085282466
2025,3,TSMC,NAND,193,83.72087487128076
2025,3,TSMC,SSD,186,86.36954186478562
2025,3,TSMC,CPU,277,90.6011679432588
2025,3,Intel,DRAM,202,87.99713475982199
2025,3,Intel,NAND,82,86.25514308591424
2025,3,Intel,SSD,201,91.26794053550753
2025,3,Intel,CPU,263,90.17558822137168
2025,3,Micron,DRAM,136,82.01979230717484
2025,3,Micron,NAND,201,84.90288278094457
2025,3,Micron,SSD,122,93.68119346557711
2025,3,Micron,CPU,81,81.3985528747799
2025,4,삼성전자,DRAM,92,90.8092039293945
2025,4,삼성전자,NAND,184,89.34766955579539
2025,4,삼성전자,SSD,122,81.13767672898523
2025,4,삼성전자,CPU,254,86.14464140565912
2025,4,SK하이닉스,DRAM,205,92.14178372282194
2025,4,SK하이닉스,NAND,238,88.55906179076038
2025,4,SK하이닉스,SSD,272,82.0803633243072
2025,4,SK하이닉스,CPU,165,88.3888469737937
2025,4,TSMC,DRAM,223,94.50011529565023
2025,4,TSMC,NAND,227,92.07733888512848
2025,4,TSMC,SSD,75,87.12223811284304
2025,4,TSMC,CPU,115,85.12237064843161
2025,4,Intel,DRAM,236,89.62681967246724
2025,4,Intel,NAND,83,81.83141204325236
2025,4,Intel,SSD,275,91.74630532207334
2025,4,Intel,CPU,155,86.53335177014256
2025,4,Micron,DRAM,145,83.6755802351328
2025,4,Micron,NAND,260,80.87948344893124
2025,4,Micron,SSD,112,81.32784450725045
2025,4,Micron,CPU,231,94.07046879562772
2025,5,삼성전자,DRAM,89,91.07696471978542
2025,5,삼성전자,NAND,163,89.14930856081261
2025,5,삼성전자,SSD,81,92.7374022610278
2025,5,삼성전자,CPU,218,91.12442512429905
2025,5,SK하이닉스,DRAM,247,91.61717333223343
2025,5,SK하이닉스,NAND,253,93.83459192295425
2025,5,SK하이닉스,SSD,179,90.79040101436941
2025,5,SK하이닉스,CPU,98,85.58998118766301
2025,5,TSMC,DRAM,101,89.39381336305786
2025,5,TSMC,NAND,217,84.01650430781217
2025,5,TSMC,SSD,165,89.31835919038073
2025,5,TSMC,CPU,185,87.17474283411268
2025,5,Intel,DRAM,264,84.23047120947334
2025,5,Intel,NAND,258,83.76092031276005
2025,5,Intel,SSD,170,86.89445617184734
2025,5,Intel,CPU,204,81.83261912145764
2025,5,Micron,DRAM,90,80.48710082607691
2025,5,Micron,NAND,170,87.33663027540243
2025,5,Micron,SSD,246,94.87813211794212
2025,5,Micron,CPU,254,82.96375470682888
2025,6,삼성전자,DRAM,77,85.33214415794669
2025,6,삼성전자,NAND,133,80.95421546886224
2025,6,삼성전자,SSD,96,85.24769408358947
2025,6,삼성전자,CPU,245,93.58619818066126
2025,6,SK하이닉스,DRAM,207,88.25067897028146
2025,6,SK하이닉스,NAND,126,93.44407250914598
2025,6,SK하이닉스,SSD,171,88.39206815946788
2025,6,SK하이닉스,CPU,273,81.68690013575846
2025,6,TSMC,DRAM,230,91.72215474308132
2025,6,TSMC,NAND,147,88.76928042067547
2025,6,TSMC,SSD,110,81.12985915704124
2025,6,TSMC,CPU,242,92.98551945441292
2025,6,Intel,DRAM,82,93.24647031041896
2025,6,Intel,NAND,215,92.68161425526311
2025,6,Intel,SSD,248,93.47669058280925
2025,6,Intel,CPU,241,88.01821605741868
2025,6,Micron,DRAM,153,83.28516406609509
2025,6,Micron,NAND,81,80.49568037770352
2025,6,Micron,SSD,198,80.19063275231059
2025,6,Micron,CPU,274,81.44471342732436
2025,7,삼성전자,DRAM,180,81.26845346494822
2025,7,삼성전자,NAND,76,87.71067945395522
2025,7,삼성전자,SSD,233,93.43249669954359
2025,7,삼성전자,CPU,198,94.61930746472736
2025,7,SK하이닉스,DRAM,262,91.28359269290108
2025,7,SK하이닉스,NAND,220,90.14188468144401
2025,7,SK하이닉스,SSD,99,87.43933990484703
2025,7,SK하이닉스,CPU,176,82.28029414926549
2025,7,TSMC,DRAM,219,86.00159811154428
2025,7,TSMC,NAND,121,81.08785281964147
2025,7,TSMC,SSD,85,80.42317541347491
2025,7,TSMC,CPU,84,94.97235839311388
2025,7,Intel,DRAM,258,82.26317533298955
2025,7,Intel,NAND,203,80.60142495659397
2025,7,Intel,SSD,275,87.11094549086121
2025,7,Intel,CPU,277,88.25397508935508
2025,7,Micron,DRAM,75,91.86758334382911
2025,7,Micron,NAND,127,93.76276728964157
2025,7,Micron,SSD,177,88.03692882351942
2025,7,Micron,CPU,227,86.83815708997942
2025,8,삼성전자,DRAM,130,93.61472898952165
2025,8,삼성전자,NAND,96,93.02840917293328
2025,8,삼성전자,SSD,247,89.45660328886714
2025,8,삼성전자,CPU,200,84.93070972225892
2025,8,SK하이닉스,DRAM,90,87.71435963734129
2025,8,SK하이닉스,NAND,152,93.34434609926349
2025,8,SK하이닉스,SSD,72,88.78846690931357
2025,8,SK하이닉스,CPU,218,91.98912861874335
2025,8,TSMC,DRAM,174,93.7113194272694
2025,8,TSMC,NAND,171,88.59105568432102
2025,8,TSMC,SSD,178,80.73844813364383
2025,8,TSMC,CPU,247,86.80189207402698
2025,8,Intel,DRAM,266,93.25720287324275
2025,8,Intel,NAND,129,80.49784663439256
2025,8,Intel,SSD,105,81.26246958534173
2025,8,Intel,CPU,81,87.97045939346299
2025,8,Micron,DRAM,276,94.51821532148752
2025,8,Micron,NAND,271,92.02468194802026
2025,8,Micron,SSD,224,80.03280388511567
2025,8,Micron,CPU,244,80.00115177043278
2025,9,삼성전자,DRAM,137,82.16687145239679
2025,9,삼성전자,NAND,152,83.98803822534188
2025,9,삼성전자,SSD,104,90.19749914444353
2025,9,삼성전자,CPU,194,87.81193399458967
2025,9,SK하이닉스,DRAM,164,86.28189224665171
2025,9,SK하이닉스,NAND,76,82.47893871481209
2025,9,SK하이닉스,SSD,185,89.4276447593155
2025,9,SK하이닉스,CPU,221,91.6731757687395
2025,9,TSMC,DRAM,219,90.27486280161335
2025,9,TSMC,NAND,161,94.40330375846324
2025,9,TSMC,SSD,254,83.9115208592506
2025,9,TSMC,CPU,101,92.30119615284924
2025,9,Intel,DRAM,144,92.48337579622907
2025,9,Intel,NAND,230,88.68099135333769
2025,9,Intel,SSD,89,92.32929636836509
2025,9,Intel,CPU,117,89.40466817729386
2025,9,Micron,DRAM,136,80.28225061770019
2025,9,Micron,NAND,255,82.83809366775296
2025,9,Micron,SSD,100,82.01255380748769
2025,9,Micron,CPU,254,92.2435015424145
2025,10,삼성전자,DRAM,230,81.80693230778951
2025,10,삼성전자,NAND,231,90.26679434229104
2025,10,삼성전자,SSD,171,80.33782230325411
2025,10,삼성전자,CPU,198,93.42531355021002
2025,10,SK하이닉스,DRAM,234,82.46191862875995
2025,10,SK하이닉스,NAND,123,88.24918187975351
2025,10,SK하이닉스,SSD,166,87.70515527121911
2025,10,SK하이닉스,CPU,146,91.86615994172023
2025,10,TSMC,DRAM,114,83.13858382645735
2025,10,TSMC,NAND,229,82.9688260006872
2025,10,TSMC,SSD,164,88.53487535064718
2025,10,TSMC,CPU,117,80.30771756170168
2025,10,Intel,DRAM,98,85.49993394373371
2025,10,Intel,NAND,140,83.04071549531166
2025,10,Intel,SSD,110,80.50158163030018
2025,10,Intel,CPU,90,83.16357656816018
2025,10,Micron,DRAM,147,87.23918769633144
2025,10,Micron,NAND,111,90.4532239588674
2025,10,Micron,SSD,123,87.83773183622324
2025,10,Micron,CPU,74,80.62607030691572
2025,11,삼성전자,DRAM,219,84.10519771622423
2025,11,삼성전자,NAND,214,84.45874368038535
2025,11,삼성전자,SSD,78,88.41212194350747
2025,11,삼성전자,CPU,189,86.79501248733422
2025,11,SK하이닉스,DRAM,184,85.74688225023885
2025,11,SK하이닉스,NAND,259,84.70657739981638
2025,11,SK하이닉스,SSD,178,84.62595071844365
2025,11,SK하이닉스,CPU,111,84.10513021295495
2025,11,TSMC,DRAM,252,92.38296906380428
2025,11,TSMC,NAND,97,91.09794471399148
2025,11,TSMC,SSD,153,82.95461398714457
2025,11,TSMC,CPU,76,87.67611856661037
2025,11,Intel,DRAM,156,90.76059450615696
2025,11,Intel,NAND,111,90.69218674266531
2025,11,Intel,SSD,75,84.50603279699831
2025,11,Intel,CPU,107,89.06975928075472
2025,11,Micron,DRAM,232,92.9347401094376
2025,11,Micron,NAND,246,88.49022137608625
2025,11,Micron,SSD,105,92.64484965047644
2025,11,Micron,CPU,258,84.95343318660028
2025,12,삼성전자,DRAM,205,82.46557349936494
2025,12,삼성전자,NAND,202,85.1845525896338
2025,12,삼성전자,SSD,194,86.84668760640118
2025,12,삼성전자,CPU,265,83.20779295029551
2025,12,SK하이닉스,DRAM,83,85.04456875715805
2025,12,SK하이닉스,NAND,275,88.9182044808626
2025,12,SK하이닉스,SSD,244,93.6692531347399
2025,12,SK하이닉스,CPU,122,87.48261088109889
2025,12,TSMC,DRAM,88,82.20317462869383
2025,12,TSMC,NAND,94,87.49010168159444
2025,12,TSMC,SSD,208,90.85380815526617
2025,12,TSMC,CPU,164,85.16196830945601
2025,12,Intel,DRAM,268,88.09411564999697
2025,12,Intel,NAND,272,91.30708848382343
2025,12,Intel,SSD,138,82.6390927043177
2025,12,Intel,CPU,113,85.93814834475528
2025,12,Micron,DRAM,197,82.02942173892804
2025,12,Micron,NAND,225,91.32353634277348
2025,12,Micron,SSD,242,92.85082096988582
2025,12,Micron,CPU,96,83.12732831143241
